{"simulacao554_0077.exr": 797.7621154785156, "simulacao395_0070.exr": 567.6245148181915, "simulacao730_0059.exr": 517.0902009010315, "simulacao331_0018.exr": 177.59428930282593, "simulacao811_0024.exr": 245.68628478050232, "simulacao395_0090.exr": 749.1246445178986, "simulacao184_0071.exr": 444.3103096485138, "simulacao761_0073.exr": 522.9062457084656, "simulacao563_0052.exr": 364.6009900569916, "simulacao658_0100.exr": 642.0676884651184, "simulacao496_0018.exr": 297.5514323711395, "simulacao879_0015.exr": 211.4856882095337, "simulacao896_0033.exr": 191.50021600723267, "simulacao787_0033.exr": 411.92481899261475, "simulacao306_0034.exr": 305.0961196422577, "simulacao763_0015.exr": 142.92864966392517, "simulacao774_0030.exr": 311.43442606925964, "simulacao498_0017.exr": 176.701975107193, "simulacao158_0027.exr": 234.64214205741882, "simulacao123_0026.exr": 154.48381733894348, "simulacao708_0079.exr": 599.2986104488373, "simulacao321_0084.exr": 663.9196078777313, "simulacao800_0010.exr": 126.07049751281738, "simulacao736_0076.exr": 705.9860415458679, "simulacao563_0046.exr": 425.16055035591125, "simulacao348_0023.exr": 244.03261828422546, "simulacao535_0017.exr": 358.3860778808594, "simulacao720_0087.exr": 729.3817484378815, "simulacao333_0044.exr": 422.7422740459442, "simulacao505_0046.exr": 450.3907697200775, "simulacao774_0045.exr": 457.69525241851807, "simulacao46_0034.exr": 289.65288043022156, "simulacao305_0026.exr": 377.73408031463623, "simulacao838_0093.exr": 639.9003999233246, "simulacao305_0037.exr": 411.70970702171326, "simulacao742_0024.exr": 318.43816018104553, "simulacao539_0074.exr": 681.2983436584473, "simulacao292_0053.exr": 418.60005044937134, "simulacao811_0032.exr": 195.746972322464, "simulacao213_0074.exr": 642.9357440471649, "simulacao191_0071.exr": 607.3769464492798, "simulacao140_0036.exr": 357.31719040870667, "simulacao213_0081.exr": 608.7410209178925, "simulacao580_0064.exr": 540.8583176136017, "simulacao699_0078.exr": 666.5282530784607, "simulacao331_0019.exr": 294.2510287761688, "simulacao89_0023.exr": 538.7336564064026, "simulacao947_0001.exr": 42.72600722312927, "simulacao810_0083.exr": 678.5663607120514, "simulacao774_0074.exr": 725.2638387680054, "simulacao142_0005.exr": 101.37708115577698, "simulacao854_0065.exr": 542.161484003067, "simulacao890_0059.exr": 590.9831380844116, "simulacao811_0074.exr": 703.2654294967651, "simulacao700_0089.exr": 613.0099828243256, "simulacao789_0006.exr": 93.02293157577515, "simulacao282_0092.exr": 645.8069217205048, "simulacao712_0080.exr": 585.2536859512329, "simulacao415_0046.exr": 461.5117745399475, "simulacao181_0086.exr": 669.3258140087128, "simulacao918_0000.exr": 76.0903308391571, "simulacao606_0075.exr": 601.4164292812347, "simulacao465_0092.exr": 731.2117347717285, "simulacao297_0020.exr": 419.92852449417114, "simulacao663_0027.exr": 237.40728044509888, "simulacao549_0024.exr": 261.62010073661804, "simulacao160_0045.exr": 569.8338234424591, "simulacao736_0091.exr": 677.6915390491486, "simulacao505_0076.exr": 560.0030934810638, "simulacao810_0087.exr": 729.2651855945587, "simulacao216_0007.exr": 319.3615391254425, "simulacao516_0041.exr": 700.5698342323303, "simulacao761_0017.exr": 253.48382210731506, "simulacao262_0013.exr": 260.76733469963074, "simulacao730_0069.exr": 514.3434574604034, "simulacao712_0014.exr": 127.75210380554199, "simulacao608_0000.exr": 43.38280987739563, "simulacao695_0079.exr": 560.375324010849, "simulacao401_0088.exr": 736.2498602867126, "simulacao254_0010.exr": 93.54275393486023, "simulacao123_0094.exr": 738.4768197536469, "simulacao496_0012.exr": 186.27360844612122, "simulacao989_0073.exr": 575.021612405777, "simulacao514_0092.exr": 645.6786651611328, "simulacao371_0041.exr": 611.1929752826691, "simulacao890_0076.exr": 501.66082763671875, "simulacao608_0009.exr": 68.2873318195343, "simulacao61_0044.exr": 496.5598795413971, "simulacao766_0039.exr": 334.5745601654053, "simulacao317_0065.exr": 632.0042252540588, "simulacao297_0082.exr": 878.4642190933228, "simulacao220_0011.exr": 226.95955276489258, "simulacao900_0078.exr": 794.1384019851685, "simulacao128_0028.exr": 253.4909029006958, "simulacao879_0039.exr": 492.61293292045593, "simulacao505_0065.exr": 764.0404367446899, "simulacao46_0053.exr": 480.3604989051819, "simulacao545_0057.exr": 504.01709246635437, "simulacao811_0014.exr": 181.3982548713684, "simulacao787_0084.exr": 625.4917957782745, "simulacao545_0100.exr": 793.1041612625122, "simulacao262_0002.exr": 82.23674249649048, "simulacao504_0020.exr": 300.6587564945221, "simulacao161_0059.exr": 819.5099451541901}